{"cameraMode":{"drawMode":0,"name":"Shaded","section":"Shading Mode"},"sceneLighting":true,"audioPlay":false,"sceneViewState":{"m_AlwaysRefresh":false,"showFog":true,"showSkybox":true,"showFlares":true,"showImageEffects":true,"showParticleSystems":true,"showVisualEffectGraphs":true,"m_FxEnabled":true},"in2DMode":false,"pivot":{"x":-1.2205822467803956,"y":10.574016571044922,"z":-22.303813934326173},"rotation":{"x":-0.23044513165950776,"y":0.047815997153520587,"z":-0.011312317103147507,"w":-0.9718825817108154},"size":4.015500068664551,"orthographic":false}